contact_id,message_id,predicted_delivered_probability,predicted_read_probability,predicted_responded_probability,predicted_converted_probability,predicted_opted_out_probability,city_tier,age_group,device_type,signup_channel,tenure_days
CUST00069,MSG000493,0.7889214653711271,0.7320662147653788,0.4688657806282181,0.5747701977909945,0.2494461102923612,Tier 1,25-34,Android,Website Signup,407
CUST00079,MSG000563,0.8305141336487613,0.4722863634071514,,,0.2810202248300763,Tier 2,45-54,iOS,Website Signup,497
CUST00087,MSG000618,0.726864650132906,0.5144135237843489,0.4768871142175776,,0.1276268846203644,Tier 2,25-34,Android,In-Store,57
CUST00025,MSG000178,0.8780072215733814,0.4891599908624235,,,0.0364563126713363,Tier 2,18-24,Android,Social Ads,564
CUST00080,MSG000567,0.7970315016118387,0.3367554506537286,,,0.3168832099406401,Tier 2,35-44,iOS,In-Store,570
CUST00043,MSG000303,0.8107395822285236,0.3016899088775428,,,0.3734273055266532,Tier 2,45-54,Android,Social Ads,819
CUST00062,MSG000441,0.8202158374645917,0.6328920660368732,0.6996373437596645,0.5825265340814408,0.0850242263642658,Tier 2,45-54,iOS,Website Signup,835
CUST00037,MSG000261,0.7446570246578372,0.5074997951706757,,,0.5693927979153262,Tier 1,55+,Android,Website Signup,729
CUST00033,MSG000239,0.8669160866176514,0.7033637635338059,0.5500659254988123,,0.1066699469588806,Tier 1,25-34,iOS,In-Store,413
CUST00042,MSG000295,0.8432452828811191,0.796133778150991,0.5725343104582117,,0.0511752712456879,Tier 3,25-34,iOS,Social Ads,594
CUST00036,MSG000257,0.7795144346660137,0.6008694139979528,0.5138034888388143,0.5603126759038967,0.197217657548766,Tier 1,18-24,iOS,Referral,701
CUST00058,MSG000409,0.7802550018339488,0.490240600213594,0.4437987243919157,,0.2573802678470494,Tier 2,35-44,Android,In-Store,60
CUST00064,MSG000455,0.594070432196637,0.510187231999756,,,0.1824156299849364,Tier 2,18-24,Android,Website Signup,697
CUST00024,MSG000174,0.7316894939650654,0.8211747007812994,0.6540511594347967,,0.2253000592945315,Tier 3,25-34,iOS,Referral,588
CUST00084,MSG000595,0.5960564805090488,0.4359048662578767,,,0.1938063299025311,Tier 1,25-34,Android,Referral,148
CUST00099,MSG000706,0.8204500770764827,0.328280283849091,,,0.2434832583448002,Tier 1,18-24,Android,Referral,72
CUST00044,MSG000306,0.8859739159697533,0.4462134059398531,,,0.0872471580248039,Tier 1,25-34,Android,Referral,42
CUST00019,MSG000140,0.8562868492896,0.7020836872808285,0.6088448525788561,,0.0548745878714726,Tier 3,25-34,iOS,Website Signup,602
CUST00051,MSG000355,0.3966266458467025,,,,,Tier 1,35-44,Android,Referral,882
CUST00077,MSG000555,0.6121533202109917,0.694424826575672,0.4275484590080918,,0.2125336658313091,Tier 1,25-34,Android,Social Ads,490
CUST00046,MSG000317,0.8342299749653944,0.6091947698962402,0.456673494246085,,0.1039411173859258,Tier 3,18-24,iOS,In-Store,14
CUST00039,MSG000277,0.8945334307361378,0.6619676788860527,0.4290119128108554,,0.2367445662591527,Tier 1,35-44,Android,Website Signup,22
CUST00063,MSG000447,0.6046329040902164,0.2965831339577106,,,0.2371026555145823,Tier 2,18-24,Android,Website Signup,117
CUST00028,MSG000200,0.7595807177769576,0.5854670746450551,0.6010107277012072,0.4714148237465156,0.2846820913251763,Tier 1,18-24,Android,Referral,808
CUST00091,MSG000647,0.769598537876533,0.4820130545092864,0.4533276878394341,0.4665042143436643,0.2118675397058772,Tier 1,45-54,iOS,Referral,98
CUST00053,MSG000368,0.606328184543271,0.375770738658721,,,0.1526814530063341,Tier 2,18-24,Android,Referral,867
CUST00057,MSG000406,0.4951282712170679,0.4394454202407122,0.3608698950684539,0.6245383230640644,0.1462520216055856,Tier 2,18-24,iOS,In-Store,227
CUST00034,MSG000248,0.6482295601418296,0.4636482966300656,0.2925256154432099,,0.2219778804217058,Tier 1,25-34,Android,Social Ads,137
CUST00048,MSG000328,0.8895724987403573,0.5927703030765733,0.554103441184787,0.4138410475146651,0.2112237000415953,Tier 1,25-34,Android,Website Signup,55
CUST00011,MSG000089,0.7847336993531215,0.6029446578523647,0.562491395962835,0.3263846702544481,0.1678988248819344,Tier 1,25-34,Android,Referral,49
CUST00089,MSG000632,0.9740256856535984,0.6530824939525882,0.3126536879817106,,0.1872266151234246,Tier 1,35-44,Android,Website Signup,24
CUST00018,MSG000132,0.8005731983254059,0.3349359764728579,,,0.1078633199443502,Tier 1,35-44,Android,In-Store,104
CUST00082,MSG000587,0.5502338267023472,0.4435852703153461,,,0.3511975039292304,Tier 1,45-54,Android,Social Ads,767
CUST00006,MSG000048,0.5791665081912696,0.5845632006799303,0.6694936147996913,0.4654217823599408,0.2027457902867238,Tier 3,35-44,Android,Referral,705
CUST00014,MSG000112,0.7644688687819328,0.4102911850484643,,,0.1516209223903102,Tier 3,25-34,iOS,Website Signup,262
CUST00005,MSG000040,0.6687464470059185,0.7113100831959539,0.4853940595106067,,0.0667006404040717,Tier 1,35-44,Android,Social Ads,667
CUST00075,MSG000541,0.6594351295078291,0.6930812438101057,0.2600995115000195,,0.1280838405027497,Tier 1,18-24,Android,Website Signup,630
CUST00022,MSG000161,0.9291172704861034,0.6431929042354727,0.3867246144962529,,0.1296473568001878,Tier 1,25-34,Android,Referral,602
CUST00100,MSG000711,0.936574568316106,0.6784819770233976,0.4319613659763646,,0.0996944619960531,Tier 3,25-34,Android,Referral,558
CUST00093,MSG000665,0.8134711889973708,0.6300132502712836,,,0.2105799286695633,Tier 1,18-24,iOS,Referral,475
CUST00040,MSG000283,0.7592353082511405,0.3595720080938242,0.5060874491141841,,0.1819986102255231,Tier 2,18-24,Android,Social Ads,820
CUST00090,MSG000644,0.5835547404600434,0.2793349252794161,,,0.314006625593909,Tier 2,18-24,Android,Social Ads,250
CUST00002,MSG000015,0.7391858280947262,0.5871741528170648,0.4754303486083321,,0.0972205505705609,Tier 1,35-44,iOS,Website Signup,278
CUST00020,MSG000151,0.8591648895196369,0.5180360188786367,0.6271596035827167,0.529241470604077,0.5525939775854044,Tier 2,25-34,Android,Social Ads,899
CUST00004,MSG000031,0.822611704956399,0.3398638293442603,,,0.2498847810870437,Tier 2,55+,Android,Referral,827
CUST00031,MSG000226,0.6601641943563301,0.2703415815124296,0.3316761196171168,,0.234016972291071,Tier 2,18-24,Android,In-Store,228
CUST00068,MSG000490,0.7358238709682329,0.5349675700786554,0.5214092963832018,0.6537159614798634,0.2407190407614272,Tier 1,35-44,Android,In-Store,755
CUST00009,MSG000076,0.6711266085658598,0.3589474678510912,,,0.1597851400852967,Tier 1,18-24,Android,Website Signup,357
CUST00097,MSG000696,0.8067360290617928,0.7129437838391792,0.5346939455976297,,0.1684059487646967,Tier 1,25-34,iOS,Social Ads,463
CUST00076,MSG000549,0.710652764408723,0.7374052679278346,0.3578694833648653,0.5787528758614635,0.1752763011969569,Tier 1,18-24,Android,Website Signup,459
CUST00023,MSG000165,0.5747778844169095,0.4161231916308102,0.3424186103751383,0.5104527885282893,0.1225273229818089,Tier 3,18-24,Android,Website Signup,131
CUST00054,MSG000378,0.657028252258475,0.5072423560720939,0.4054361498251922,0.6801438989486819,0.1237567584594747,Tier 2,25-34,Android,Referral,222
CUST00060,MSG000421,0.8456523156037488,0.5334873048638773,,,0.4454652347352262,Tier 1,35-44,Android,Referral,722
CUST00003,MSG000025,0.8939073260503422,0.5393733869358397,0.4868079671207216,,0.092872015068219,Tier 3,18-24,Android,Referral,468
CUST00035,MSG000254,0.8627748171645667,0.7379075509366497,0.6851946310404838,0.591287433757094,0.1749764622449576,Tier 2,25-34,iOS,Website Signup,770
CUST00081,MSG000577,0.925838712543941,0.4234310441786302,0.3924218279725756,,0.2063994869717291,Tier 2,45-54,Android,Referral,86
CUST00056,MSG000397,0.6473785450850115,0.5225778510471473,0.6695570590545088,0.4182388469137505,0.2065732214045623,Tier 2,35-44,Android,Referral,765
CUST00029,MSG000204,0.7450760555204785,0.5731840513584148,0.4928315738282028,,0.2776087098946839,Tier 1,18-24,Android,Referral,778
CUST00066,MSG000472,0.6537953132241248,0.5642980769371422,,,0.0505671931286398,Tier 2,25-34,Android,Referral,631
CUST00001,MSG000007,0.9213778661597736,0.5380945604145754,,,0.1241353489804227,Tier 2,45-54,Android,In-Store,20
CUST00017,MSG000129,0.924408428561677,0.6026525866169563,0.3763256807530574,,0.2772809836496993,Tier 2,35-44,Android,Website Signup,48
CUST00086,MSG000613,0.6436621359836249,0.6743318636155049,0.4084617371925361,0.584862976111584,0.148397712001017,Tier 1,35-44,Android,Social Ads,663
CUST00041,MSG000286,0.7620516153167497,0.4398315358258566,,,0.0993621124601067,Tier 1,25-34,iOS,Website Signup,267
CUST00072,MSG000517,0.8712955558548614,0.2903924313526978,,,0.0840361864919501,Tier 1,25-34,Android,Website Signup,189
CUST00067,MSG000484,0.712126457269705,0.3878740693370436,,,0.2746426839621115,Tier 2,35-44,Android,In-Store,739
CUST00010,MSG000082,0.7228081864771646,0.6214973128634803,0.5941911018941142,0.3780224506677638,0.2944535004073447,Tier 2,45-54,Android,Website Signup,897
CUST00050,MSG000351,0.6454560515096012,0.6579053805208381,0.3699192879970476,,0.0997254719801495,Tier 1,18-24,Android,Website Signup,549
CUST00092,MSG000659,0.6266309863737053,0.6076022373629937,0.4525241652307123,0.4481723441296609,0.2354743197476578,Tier 2,18-24,Android,Website Signup,641
CUST00015,MSG000116,0.7461902162008335,0.7005364823487251,0.4773919580108234,0.5241725024819055,0.1737987468790809,Tier 1,18-24,Android,Website Signup,702
CUST00098,MSG000703,0.9043302171496634,0.551938231826157,0.5466755242298699,0.4451679565676835,0.2242647515410005,Tier 1,45-54,iOS,Website Signup,58
CUST00030,MSG000216,0.9101457393557808,0.4880240219475608,,,0.1581830641250808,Tier 2,25-34,Android,Website Signup,35
CUST00045,MSG000313,0.9200238096430584,0.4407379535217658,,,0.1644496769787954,Tier 3,25-34,Android,In-Store,14
CUST00078,MSG000560,0.8336552753172278,0.446040285470215,,,0.1174946032970972,Tier 2,55+,Android,Referral,673
CUST00047,MSG000321,0.7471031959530365,0.3902937904255199,,,0.171305095719981,Tier 1,25-34,Android,Social Ads,149
CUST00073,MSG000525,0.695688221820515,0.3900306520263087,0.4387697956805134,0.6097900486655935,0.5725687791943918,Tier 3,18-24,Android,Website Signup,111
CUST00052,MSG000361,0.8451772793902502,0.662530531832802,0.4479339020725557,,0.302242942164614,Tier 1,45-54,iOS,Website Signup,723
CUST00008,MSG000067,0.5816674272975474,0.3598284557189534,0.3504726611024242,,0.1699460749546548,Tier 2,18-24,Android,Referral,108
CUST00094,MSG000676,0.4811116660645553,0.585087098015642,0.6835319599861711,0.684130894062755,0.2597506969188636,Tier 1,35-44,Android,In-Store,882
CUST00021,MSG000158,0.8999668566440551,0.5667111325252173,0.4180158775705147,,0.1500797018029738,Tier 2,25-34,Android,Social Ads,31
CUST00026,MSG000185,0.8637053774430268,0.536379960058361,0.4881923052280709,,0.3377715474840648,Tier 1,25-34,iOS,In-Store,90
CUST00061,MSG000432,0.8182992772512072,0.3143923073913624,,,0.181971969560913,Tier 2,18-24,Android,Social Ads,871
CUST00088,MSG000622,0.6841990314668851,0.2820671616949804,,,0.4275544760548738,Tier 2,18-24,Android,Social Ads,181
CUST00055,MSG000389,0.7842985235031086,0.4638844796017693,0.3655465819019785,,0.201074548994003,Tier 2,18-24,Android,Referral,266
CUST00096,MSG000693,0.8649485605347897,0.4979780711778296,0.5269064462975007,0.4485949410435157,0.3415394021192759,Tier 2,18-24,iOS,Referral,554
CUST00016,MSG000125,0.8160120486988663,0.610554459661278,0.4186081290041293,,0.4750182625744419,Tier 1,45-54,Android,Website Signup,754
CUST00083,MSG000591,0.7035051483971236,0.6305019953241755,,,0.2018029435079755,Tier 3,25-34,Android,In-Store,409
CUST00065,MSG000465,0.7605458224859903,0.565414019182966,,,0.3995663330834115,Tier 2,25-34,iOS,In-Store,763
CUST00027,MSG000196,0.8001291709835505,0.6308215672675177,0.5182454648605404,,0.1648849397732603,Tier 2,25-34,Android,Social Ads,615
CUST00059,MSG000418,0.7278069050966148,0.4472743236840513,,,0.2012534116923742,Tier 1,35-44,Android,Referral,605
CUST00007,MSG000057,0.8113215259473768,0.6521059858559254,0.5860501999810338,0.41709040071412,0.1023316512739629,Tier 2,25-34,Android,Website Signup,494
CUST00012,MSG000099,0.4912646033272655,0.4567021229619838,,,0.3229583932109616,Tier 3,18-24,Android,Referral,792
CUST00074,MSG000536,0.7992339910565383,0.3782497013143566,,,0.1836204851078724,Tier 1,45-54,Android,Website Signup,121
CUST00070,MSG000499,0.8169159606325999,0.6656903164991012,,,0.271398657117231,Tier 1,55+,Android,Social Ads,45
CUST00038,MSG000267,0.346577008889541,,,,,Tier 2,25-34,iOS,In-Store,186
CUST00013,MSG000108,0.7538002312510934,0.6982703701567992,0.6051969726586098,0.6918683791798513,0.1450566933128165,Tier 2,25-34,Android,Website Signup,619
CUST00095,MSG000683,0.7009838664286003,0.6507251092271298,0.4221832789742848,,0.1928503290908316,Tier 1,18-24,iOS,Website Signup,676
CUST00032,MSG000230,0.8860896834899961,0.3453813247709019,,,0.1254490464674781,Tier 3,45-54,Android,Website Signup,224
CUST00071,MSG000508,0.7598765845550177,0.6893634886989198,0.4809309403608818,,0.2370572892809114,Tier 1,18-24,Android,In-Store,416
CUST00085,MSG000601,0.7029770161586573,0.6919437059710526,0.3799079194184954,,0.2540397298578742,Tier 1,35-44,Android,Website Signup,733
CUST00049,MSG000340,0.7789811872892407,0.6161545198342117,0.5531866710929177,,0.1677979526647104,Tier 2,25-34,Android,Referral,739
